timestamp,rssi_dbm,quality,phase
1788935123.437979,-57.0,1.0,unconfirmed
1788935123.9211512,-57.0,1.0,unconfirmed
1788935124.5350127,-59.0,1.0,unconfirmed
1788935124.988416,-58.0,1.0,unconfirmed
1788935125.4310248,-58.0,1.0,unconfirmed
1788935125.9844465,-57.0,1.0,unconfirmed
1788935126.4902568,-58.0,1.0,unconfirmed
1788935127.0421789,-60.0,1.0,unconfirmed
1788935127.5439246,-59.0,1.0,unconfirmed
1788935128.0080159,-59.0,1.0,unconfirmed
1788935128.5079472,-58.0,1.0,unconfirmed
1788935129.01154,-59.0,1.0,unconfirmed
1788935129.5065536,-56.0,1.0,unconfirmed
1788935130.069535,-58.0,1.0,unconfirmed
1788935130.5851612,-57.0,1.0,unconfirmed
1788935131.073932,-57.0,1.0,unconfirmed
1788935131.553014,-57.0,1.0,unconfirmed
1788935132.0985317,-58.0,1.0,unconfirmed
1788935132.5874486,-59.0,1.0,unconfirmed
1788935133.0423374,-60.0,1.0,unconfirmed
1788935133.5445755,-59.0,1.0,unconfirmed
1788935134.0464005,-57.0,1.0,unconfirmed
1788935134.5847406,-57.0,1.0,unconfirmed
1788935135.179608,-58.0,1.0,unconfirmed
1788935135.6667109,-58.0,1.0,unconfirmed
1788935136.12489,-58.0,1.0,unconfirmed
1788935136.6333668,-58.0,1.0,unconfirmed
1788935137.121161,-59.0,1.0,unconfirmed
1788935137.631723,-59.0,1.0,unconfirmed
1788935138.1606488,-59.0,1.0,unconfirmed
1788935138.621268,-59.0,1.0,unconfirmed
1788935139.1622646,-58.0,1.0,unconfirmed
1788935139.6526756,-59.0,1.0,unconfirmed
1788935140.2042491,-59.0,1.0,unconfirmed
1788935140.6854558,-60.0,1.0,unconfirmed
1788935141.205638,-59.0,1.0,unconfirmed
1788935141.6964955,-58.0,1.0,unconfirmed
1788935142.21586,-58.0,1.0,unconfirmed
1788935142.6824691,-58.0,1.0,unconfirmed
1788935143.1951685,-58.0,1.0,unconfirmed
1788935143.7172773,-58.0,1.0,unconfirmed
1788935144.211776,-59.0,1.0,unconfirmed
1788935144.7198198,-60.0,1.0,unconfirmed
1788935145.219442,-58.0,1.0,unconfirmed
1788935145.761564,-58.0,1.0,unconfirmed
1788935146.3286598,-59.0,1.0,unconfirmed
1788935146.7756288,-59.0,1.0,unconfirmed
1788935147.328515,-61.0,1.0,unconfirmed
1788935147.8057897,-61.0,1.0,unconfirmed
1788935148.3086534,-58.0,1.0,unconfirmed
1788935148.815042,-59.0,1.0,unconfirmed
1788935149.3482816,-59.0,1.0,unconfirmed
1788935149.8310375,-59.0,1.0,unconfirmed
1788935150.349765,-60.0,1.0,unconfirmed
1788935150.8385947,-56.0,1.0,unconfirmed
1788935151.332655,-59.0,1.0,unconfirmed
1788935151.846865,-58.0,1.0,unconfirmed
1788935152.336779,-58.0,1.0,unconfirmed
1788935152.8511076,-59.0,1.0,unconfirmed
1788935153.3280876,-59.0,1.0,unconfirmed
1788935153.8606017,-58.0,1.0,unconfirmed
1788935154.3690515,-58.0,1.0,unconfirmed
1788935154.8777514,-59.0,1.0,unconfirmed
1788935155.3637762,-57.0,1.0,unconfirmed
1788935155.8915854,-58.0,1.0,unconfirmed
1788935156.4195347,-58.0,1.0,unconfirmed
1788935156.9089725,-60.0,1.0,unconfirmed
1788935157.4049592,-58.0,1.0,unconfirmed
1788935157.9070942,-59.0,1.0,unconfirmed
1788935158.4334803,-58.0,1.0,unconfirmed
1788935158.935403,-59.0,1.0,unconfirmed
1788935159.4581661,-58.0,1.0,unconfirmed
1788935159.9716167,-60.0,1.0,unconfirmed
1788935160.4586642,-59.0,1.0,unconfirmed
1788935160.9589958,-60.0,1.0,unconfirmed
1788935161.472035,-59.0,1.0,unconfirmed
1788935161.9803326,-59.0,1.0,unconfirmed
1788935162.4936595,-59.0,1.0,unconfirmed
1788935163.011185,-59.0,1.0,unconfirmed
1788935163.510049,-59.0,1.0,unconfirmed
1788935164.0313003,-60.0,1.0,unconfirmed
1788935164.5146177,-60.0,1.0,unconfirmed
1788935165.03079,-57.0,1.0,unconfirmed
1788935165.540841,-59.0,1.0,unconfirmed
1788935166.0508206,-59.0,1.0,unconfirmed
1788935166.550318,-58.0,1.0,unconfirmed
1788935167.0603445,-60.0,1.0,unconfirmed
1788935167.6186252,-58.0,1.0,unconfirmed
1788935168.0765486,-58.0,1.0,unconfirmed
1788935168.5739756,-58.0,1.0,unconfirmed
1788935169.0876398,-59.0,1.0,unconfirmed
1788935169.6081948,-61.0,1.0,unconfirmed
1788935170.1241794,-59.0,1.0,unconfirmed
1788935170.6547766,-57.0,1.0,unconfirmed
1788935171.166542,-58.0,1.0,unconfirmed
1788935171.6693947,-57.0,1.0,unconfirmed
1788935172.227451,-59.0,1.0,unconfirmed
1788935172.7224267,-58.0,1.0,unconfirmed
1788935173.2452102,-59.0,1.0,unconfirmed
1788935173.732746,-59.0,1.0,unconfirmed
1788935174.2592683,-58.0,1.0,unconfirmed
1788935174.7665443,-58.0,1.0,unconfirmed
1788935175.2713861,-59.0,1.0,unconfirmed
1788935175.7625866,-59.0,1.0,unconfirmed
1788935176.271018,-60.0,1.0,unconfirmed
1788935176.7932487,-58.0,1.0,unconfirmed
1788935177.3109856,-60.0,1.0,unconfirmed
1788935177.794487,-59.0,1.0,unconfirmed
1788935178.3329513,-59.0,1.0,unconfirmed
1788935178.8132212,-59.0,1.0,unconfirmed
1788935179.348385,-59.0,1.0,unconfirmed
1788935179.8685007,-58.0,1.0,unconfirmed
1788935180.3720012,-59.0,1.0,unconfirmed
1788935180.8696678,-58.0,1.0,unconfirmed
1788935181.3849611,-59.0,1.0,unconfirmed
1788935181.900498,-58.0,1.0,unconfirmed
1788935182.4138799,-58.0,1.0,unconfirmed
1788935182.9282591,-58.0,1.0,unconfirmed
1788935183.4418824,-59.0,1.0,unconfirmed
1788935183.9372354,-58.0,1.0,unconfirmed
1788935184.4436479,-59.0,1.0,unconfirmed
1788935184.9544506,-58.0,1.0,unconfirmed
1788935185.4454758,-59.0,1.0,unconfirmed
1788935185.9444556,-61.0,1.0,unconfirmed
1788935186.441266,-60.0,1.0,unconfirmed
1788935186.942696,-58.0,1.0,unconfirmed
1788935187.4606361,-58.0,1.0,unconfirmed
1788935187.9866002,-58.0,1.0,unconfirmed
1788935188.4622579,-59.0,1.0,unconfirmed
1788935188.9846692,-59.0,1.0,unconfirmed
1788935189.477081,-58.0,1.0,unconfirmed
1788935189.9800103,-59.0,1.0,unconfirmed
1788935190.482331,-58.0,1.0,unconfirmed
1788935191.0119503,-58.0,1.0,unconfirmed
1788935191.5158446,-58.0,1.0,unconfirmed
1788935192.0371666,-59.0,1.0,unconfirmed
1788935192.539856,-59.0,1.0,unconfirmed
1788935193.0521533,-59.0,1.0,unconfirmed
1788935193.5594442,-59.0,1.0,unconfirmed
1788935194.0785687,-59.0,1.0,unconfirmed
1788935194.6315746,-59.0,1.0,unconfirmed
1788935195.1161418,-60.0,1.0,unconfirmed
1788935195.5939183,-59.0,1.0,unconfirmed
1788935196.1008472,-61.0,1.0,unconfirmed
1788935196.6296918,-60.0,1.0,unconfirmed
1788935197.118037,-58.0,1.0,unconfirmed
1788935197.6346374,-59.0,1.0,unconfirmed
1788935198.1644,-59.0,1.0,unconfirmed
1788935198.629716,-60.0,1.0,unconfirmed
1788935199.1375268,-59.0,1.0,unconfirmed
1788935199.6598437,-60.0,1.0,unconfirmed
1788935200.1450298,-59.0,1.0,unconfirmed
1788935200.6416621,-59.0,1.0,unconfirmed
1788935201.1548188,-59.0,1.0,unconfirmed
1788935201.66933,-61.0,1.0,unconfirmed
1788935202.189394,-59.0,1.0,unconfirmed
1788935202.6872926,-60.0,1.0,unconfirmed
1788935203.2083397,-60.0,1.0,unconfirmed
1788935203.7048728,-58.0,1.0,unconfirmed
1788935204.250459,-60.0,1.0,unconfirmed
1788935204.808662,-59.0,1.0,unconfirmed
1788935205.3185904,-60.0,1.0,unconfirmed
1788935205.761933,-60.0,1.0,unconfirmed
1788935206.273917,-60.0,1.0,unconfirmed
1788935206.796803,-58.0,1.0,unconfirmed
1788935207.30065,-59.0,1.0,unconfirmed
1788935207.8180156,-60.0,1.0,unconfirmed
1788935208.2877998,-60.0,1.0,unconfirmed
1788935208.8073227,-59.0,1.0,unconfirmed
1788935209.363359,-59.0,1.0,unconfirmed
1788935209.7931304,-59.0,1.0,unconfirmed
1788935210.3193083,-58.0,1.0,unconfirmed
1788935210.7966537,-61.0,1.0,unconfirmed
1788935211.3112605,-60.0,1.0,unconfirmed
1788935211.8345554,-59.0,1.0,unconfirmed
1788935212.350207,-58.0,1.0,unconfirmed
1788935212.8362544,-60.0,1.0,unconfirmed
1788935213.3392873,-61.0,1.0,unconfirmed
1788935213.850631,-59.0,1.0,unconfirmed
1788935214.3591418,-61.0,1.0,unconfirmed
1788935214.8880453,-59.0,1.0,unconfirmed
1788935215.457769,-60.0,1.0,unconfirmed
1788935215.979788,-60.0,1.0,unconfirmed
1788935216.4963212,-59.0,1.0,unconfirmed
1788935216.996898,-58.0,1.0,unconfirmed
1788935217.5648372,-58.0,1.0,unconfirmed
1788935217.966588,-58.0,1.0,unconfirmed
1788935218.5038495,-58.0,1.0,unconfirmed
1788935218.9689534,-59.0,1.0,unconfirmed
1788935219.4954014,-61.0,1.0,unconfirmed
1788935220.1100523,-58.0,1.0,unconfirmed
1788935220.5890994,-59.0,1.0,unconfirmed
1788935221.0700886,-58.0,1.0,unconfirmed
1788935221.5322628,-60.0,1.0,unconfirmed
1788935222.2354062,-59.0,1.0,unconfirmed
1788935223.7281578,-61.0,1.0,unconfirmed
1788935224.060323,-60.0,1.0,unconfirmed
1788935224.5275686,-60.0,1.0,unconfirmed
1788935225.0660837,-59.0,1.0,unconfirmed
1788935225.5394008,-60.0,1.0,unconfirmed
1788935226.0644562,-58.0,1.0,unconfirmed
1788935226.564013,-59.0,1.0,unconfirmed
1788935227.0266688,-60.0,1.0,unconfirmed
1788935227.539264,-60.0,1.0,unconfirmed
1788935228.0685346,-60.0,1.0,unconfirmed
1788935228.5625076,-60.0,1.0,unconfirmed
1788935229.0865085,-59.0,1.0,unconfirmed
1788935229.5802126,-61.0,1.0,unconfirmed
1788935230.0886574,-59.0,1.0,unconfirmed
1788935230.7105458,-60.0,1.0,unconfirmed
1788935231.1341217,-61.0,1.0,unconfirmed
1788935231.639125,-61.0,1.0,unconfirmed
1788935232.1761043,-60.0,1.0,unconfirmed
1788935232.6688864,-60.0,1.0,unconfirmed
1788935233.1864798,-61.0,1.0,unconfirmed
1788935233.6783586,-59.0,1.0,unconfirmed
1788935234.2627828,-59.0,1.0,unconfirmed
1788935234.7093036,-60.0,1.0,unconfirmed
1788935235.2397943,-59.0,1.0,unconfirmed
1788935236.6737475,-59.0,1.0,unconfirmed
1788935237.1164172,-61.0,1.0,unconfirmed
1788935237.5228162,-59.0,1.0,unconfirmed
1788935237.9811523,-58.0,1.0,unconfirmed
1788935238.464265,-58.0,1.0,unconfirmed
1788935239.0480058,-59.0,1.0,unconfirmed
1788935239.4973962,-59.0,1.0,unconfirmed
1788935240.0068736,-61.0,1.0,unconfirmed
1788935240.5258238,-59.0,1.0,unconfirmed
1788935241.050632,-59.0,1.0,unconfirmed
1788935241.5977142,-60.0,1.0,unconfirmed
1788935242.0770795,-59.0,1.0,unconfirmed
1788935242.57859,-60.0,1.0,unconfirmed
1788935243.0336502,-57.0,1.0,unconfirmed
